method,budget,hv_final,hv_ref,t95
ggps,120,1.0631963964202513,1.300477009031209,
random,120,1.205209154660938,1.300477009031209,
ga,120,1.105743761003433,1.300477009031209,
bo,120,1.2047524113470423,1.300477009031209,
