runtime_n,compile_time_n,size_n
0.8815086345703427,1.3686019968039296,0.997628272976154
0.8946061327255886,1.6768171869349942,0.9972094985521763
0.9381720491518364,1.0957305627566372,0.9992465548584701
0.9442203465372343,1.2408423538150208,0.9983808080457871
0.9502902614165563,1.231006719474738,0.9943016281389561
0.9586468011893398,1.0114853512254531,0.992260111445576
0.9657332043155807,0.9933643626952233,0.993503077378883
0.9830141474082725,0.9385292450734725,0.9934011247346202
0.9991196354901227,0.8450327063546637,0.9984950323312966
