method,budget,hv_final,hv_ref,t95
random,1000,1.7009954283709798,1.7003276813840367,8
