Case,metric,pearson,spearman,n
easy_case,runtime vs compile,0.31803615511537286,0.15369220831657437,1766
easy_case,runtime vs size,0.004037002543934876,-0.06536846082588568,1766
easy_case,runtime vs ns/iter,0.9999312512818646,0.9984929498965773,1766
easy_case,runtime vs MBps,-0.9118183002539059,-0.9984955840167752,1766
mir_dependent_case,runtime vs compile,0.31996151926734806,0.10135098283921347,1766
mir_dependent_case,runtime vs size,0.003708155125222277,5.1930731942097e-06,1766
mir_dependent_case,runtime vs ns/iter,0.9990433782393255,0.9896558143401929,1766
mir_dependent_case,runtime vs MBps,-0.9138428354016174,-0.9896574157284025,1766
