method,budget,hv_final,hv_ref,t95
ggps,1000,1.151595415368932,1.3806372508179405,
random,1000,1.3259451924601355,1.3806372508179405,365
ga,1000,1.7473540054863461,1.3806372508179405,275
bo,1000,1.3064686721806325,1.3806372508179405,
ggps_random_subspace,1000,1.238432339746744,1.3806372508179405,
ggps_nonhub_subspace,1000,1.1951133705044668,1.3806372508179405,
