benchmark,n_pairs,abs_rel_p50,abs_rel_p90,abs_rel_p99,abs_rel_max
aggregate_scalarization_bench,4980,0.023884381989043933,0.07018765009607027,0.2940534123649586,0.3030000416170073
async_state_machine_bench,0,,,,
branch_cfg_bench,3320,0.0017105122934668966,0.03757813888354073,0.544814297119468,0.609555866800039
iterator_pipeline_bench,3320,0.06754863586084058,0.06985319018763327,0.13308903859750162,0.15930311222396565
loop_hoisting_bench,3320,0.08770346739927512,0.24580258223896762,0.29152585769439654,0.302964003948629
trait_monomorphization,3320,0.0022295727387689197,0.11676952960107258,1.7284344094468382,1.7795018512089797
