co_count,pairs,ratio
0,83,0.047619047619047616
2,32,0.01835915088927137
3,1628,0.934021801491681
