Mode,runtime_med,compile_med,size_med,n_total,n_success
easy,5.858767,11.457628,417368.0,10603,10602
mir-dependent,6.048139,11.920415,417368.0,10603,10602
