n_mir,n_llvm,n_edges,density,top10_degree_share
8,63,118,0.23412698412698413,0.559322033898305
