runtime_n,compile_time_n,size_n
0.4558605392160803,0.9804683607977359,0.9979599469586209
0.8297590915841764,0.8297760871640567,0.9981299513787358
0.8320159346724925,0.8243910137067963,0.9981299513787358
0.8341613577266949,0.8196830129536938,0.997891945190575
0.8517668360803544,0.829478861157995,0.9948318656285063
0.8611895578776375,0.8255193897515303,0.9939818435279317
0.8835127657556399,0.835144515426951,0.9937438373397708
