method,budget,hv_final,hv_ref,t95
random,1000,1.816408783081271,1.8166409021428862,278
