Metric,Score_avg_abs_spearman,Mode,spearman,pearson,n,unique_x
MIR_BB_Last_delta,0.411675605340019,default,-0.411675605340019,-0.7332222668825946,1767,6
MIR_TermBlocks_Last_delta,0.37729216913693037,default,-0.37729216913693037,-0.12983689666311052,1767,4
ASM_JmpLike_delta,0.37119401391545415,default,0.37119401391545415,0.8074885347509414,1767,5
