runtime_n,compile_time_n,size_n
0.8282832256008732,1.3811955636433564,0.990553515480317
0.83140597951734,1.504378934692581,0.989820840807962
0.8637082484029427,1.9148015656199522,0.9886344653207925
0.8968232394335083,1.315693980545977,0.9938063025828823
0.9315384699453653,1.1339944740258041,0.9953269044238902
0.9376689072768154,1.013249987668129,0.9925767788184237
0.9684981666047969,1.4185592078425313,0.9904268793296795
0.9810379577059896,0.9917708686362964,0.9973354050567756
1.0273547213340601,1.0876714699081467,0.9921075111060806
