runtime_n,compile_time_n,size_n
0.8456493050488825,1.7089436607534647,0.9950999031470403
0.9099167421353213,1.3905396293313115,0.995722163714122
0.9214606821337747,1.9622089226265453,0.994136292747741
0.937290175576316,1.1132379327400432,0.9886454158870759
0.9702658234211167,1.1071427796154802,0.9938069218871073
0.9785482851268497,1.0935669711245095,0.9993112859821192
0.9940789300760512,0.9974774486631474,1.0000255079265885
1.0016447306574283,1.071664092176742,0.9972855953690062
1.0084464978442569,0.9499124228754632,0.9992090526006767
