Metric,Score_avg_abs_spearman,Mode,spearman,pearson,n,unique_x
MIR_Locals_Last_delta,0.10193420812072221,easy,0.11687630704056184,0.27850793404256324,1767,8
MIR_Locals_Last_delta,0.10193420812072221,mir-dependent,0.08699210920088257,0.2025491195525507,1767,8
LICM_Remarks_Missed_delta,0.05370552087858668,easy,-0.050759398577623405,-0.03282481641790118,1767,4
LICM_Remarks_Missed_delta,0.05370552087858668,mir-dependent,-0.05665164317954995,-0.03332693898877734,1767,4
MIR_BB_Last_delta,0.04364431558832424,easy,-0.033951397451097,-0.016974173282268308,1767,4
MIR_BB_Last_delta,0.04364431558832424,mir-dependent,-0.053337233725551485,-0.01907600725365655,1767,4
