n_mir,n_llvm,n_edges,density,top10_degree_share
20,83,1013,0.6102409638554217,0.34501480750246794
