method,repeats,hv_final_mean,hv_final_std,t95_mean,t95_std,t95_success_rate,hv_ref
ggps,2,1.092,0.001885618083164076,,,0.0,1.3173333333333332
ggps_hub_only,2,1.0813333333333333,0.016970562748477157,,,0.0,1.3173333333333332
ggps_neighbor_only,2,1.2666666666666666,0.007542472332656461,95.0,35.35533905932738,1.0,1.3173333333333332
ggps_no_centrality,2,1.164,0.07731034140972916,,,0.0,1.3173333333333332
random,2,1.1933333333333334,0.005656854249492385,,,0.0,1.3173333333333332
ga,2,1.1586666666666667,0.039597979746446695,,,0.0,1.3173333333333332
bo,2,1.1893333333333334,0.003771236166328152,,,0.0,1.3173333333333332
ggps_random_subspace,2,1.1520000000000001,0.007542472332656461,,,0.0,1.3173333333333332
ggps_nonhub_subspace,2,1.1426666666666665,0.013199326582148846,,,0.0,1.3173333333333332
