n_mir,n_llvm,n_edges,density,top10_degree_share
20,83,627,0.377710843373494,0.4728867623604466
