method,budget,hv_final,hv_ref,t95
random,1000,1.2166247366172525,1.1101673964313838,5
