method,budget,hv_final,hv_ref,t95
ggps,300,1.122520293018793,1.3071601350914517,
random,300,1.322449173912931,1.3071601350914517,83
ga,300,1.3712320255242285,1.3071601350914517,214
bo,300,1.271611783083709,1.3071601350914517,232
ggps_random_subspace,300,1.1667338287135107,1.3071601350914517,
ggps_nonhub_subspace,300,1.1343303918590206,1.3071601350914517,
