method,budget,hv_final,hv_ref,t95
random,1000,1.1224775539327556,1.1226946406378477,1
